task,split,panel,family,regime,n,speed_rmse,flow_per_lane_rmse,state_score,fd_relative_error_diagnostic,low_flow_fraction_diagnostic,negative_state_fraction_diagnostic,case_id
state,train,D7_I10_E,D7_I10,R1,70775,2.59486296247853,36.83390439065127,0.9157116333109645,,,,2030-12-01_2031-01-01
state,train,D7_I10_E,D7_I10,R2,115427,2.4209663222152007,36.26890430188405,0.919900967475374,,,,2030-12-01_2031-01-01
state,train,D7_I10_E,D7_I10,R3,128360,2.795281052189266,40.45275451368167,0.9086081508122226,,,,2030-12-01_2031-01-01
state,train,D7_I10_W,D7_I10,R1,56758,1.317248230519338,30.657524691197516,0.9480433359575309,,,,2030-12-01_2031-01-01
state,train,D7_I10_W,D7_I10,R2,49466,1.3938542491665937,30.389231739052164,0.9465943372180616,,,,2030-12-01_2031-01-01
state,train,D7_I10_W,D7_I10,R3,141058,1.2899219230224381,29.87988241553632,0.9492297766108042,,,,2030-12-01_2031-01-01
state,train,D7_I210_E,D7_I210,R1,183199,1.899075729932717,32.78107903090857,0.9338478036430902,,,,2030-12-01_2031-01-01
state,train,D7_I210_E,D7_I210,R2,176459,1.7257787206757589,32.14167685686288,0.9380812273764754,,,,2030-12-01_2031-01-01
state,train,D7_I210_E,D7_I210,R3,261353,2.21951659246703,36.71294223031328,0.9239118525594721,,,,2030-12-01_2031-01-01
state,train,D7_I210_W,D7_I210,R1,42432,2.89789873760636,36.207189405242914,0.9096465420570163,,,,2030-12-01_2031-01-01
state,train,D7_I210_W,D7_I210,R2,53264,2.803356221673794,34.230054156775196,0.9132044640916517,,,,2030-12-01_2031-01-01
state,train,D7_I210_W,D7_I210,R3,80112,3.0011692736485323,35.97404848488944,0.9075946398507765,,,,2030-12-01_2031-01-01
state,train,D7_I405_N,D7_I405,R1,170025,2.6357820149880933,43.934618671028275,0.909383900828469,,,,2030-12-01_2031-01-01
state,train,D7_I405_N,D7_I405,R2,254945,2.749189075863683,44.525600078092104,0.9064812225681405,,,,2030-12-01_2031-01-01
state,train,D7_I405_N,D7_I405,R3,348747,3.2847621876026714,48.046250601527454,0.8922136779532779,,,,2030-12-01_2031-01-01
state,train,D7_I405_S,D7_I405,R1,62185,2.7791851728457995,36.60629343530071,0.9119047752994669,,,,2030-12-01_2031-01-01
state,train,D7_I405_S,D7_I405,R2,50156,2.5879148106698993,36.069228780587736,0.9164479646910796,,,,2030-12-01_2031-01-01
state,train,D7_I405_S,D7_I405,R3,132549,3.0493127970347382,37.21253354246091,0.9056052345348298,,,,2030-12-01_2031-01-01
state,train,D12_I5_N,D12_I5,R1,102458,2.107204790486296,31.839356514300906,0.9300742031978655,,,,2030-12-01_2031-01-01
state,train,D12_I5_N,D12_I5,R2,204472,1.9822886395369335,30.77447304988609,0.9335888027144229,,,,2030-12-01_2031-01-01
state,train,D12_I5_N,D12_I5,R3,282836,2.887025954629222,37.04159275894768,0.9092416849314824,,,,2030-12-01_2031-01-01
state,train,D12_I5_S,D12_I5,R1,26256,2.276071365787829,35.19069427426165,0.923857326222049,,,,2030-12-01_2031-01-01
state,train,D12_I5_S,D12_I5,R2,92115,2.701245916940045,39.28837601191208,0.9115319999182958,,,,2030-12-01_2031-01-01
state,train,D12_I5_S,D12_I5,R3,121006,3.1291428075721224,42.240330434956995,0.9000262620229751,,,,2030-12-01_2031-01-01
state,train,D12_I405_N,D12_I405,R1,27627,1.9314028210145457,27.9353085079711,0.9368646292099747,,,,2030-12-01_2031-01-01
state,train,D12_I405_N,D12_I405,R2,70146,1.6455682638370999,25.716337657926147,0.944739866630042,,,,2030-12-01_2031-01-01
state,train,D12_I405_N,D12_I405,R3,117750,2.0931867241212476,29.233158188907556,0.9323750788141519,,,,2030-12-01_2031-01-01
state,train,D12_I405_S,D12_I405,R1,15574,1.8036292709958952,41.364374039927135,0.9293289209825445,,,,2030-12-01_2031-01-01
state,train,D12_I405_S,D12_I405,R2,23120,2.266890322699774,44.14248020780062,0.9171926008703711,,,,2030-12-01_2031-01-01
state,train,D12_I405_S,D12_I405,R3,72489,1.8952843899679217,44.42217675140773,0.9250048550006137,,,,2030-12-01_2031-01-01
state,train,D7_I10_E,D7_I10,,,,,,0.021601403135391647,0.0,0.0,2030-12-01_2031-01-01
state,train,D7_I10_W,D7_I10,,,,,,0.012110036192192678,0.0,0.0,2030-12-01_2031-01-01
state,train,D7_I210_E,D7_I210,,,,,,0.011665155973342016,0.0,0.0,2030-12-01_2031-01-01
state,train,D7_I210_W,D7_I210,,,,,,0.01853723689904513,0.0,0.0,2030-12-01_2031-01-01
state,train,D7_I405_N,D7_I405,,,,,,0.021781593446727844,0.0,0.0,2030-12-01_2031-01-01
state,train,D7_I405_S,D7_I405,,,,,,0.017835184721557408,0.0,0.0,2030-12-01_2031-01-01
state,train,D12_I5_N,D12_I5,,,,,,0.01571824768081171,0.0,0.0,2030-12-01_2031-01-01
state,train,D12_I5_S,D12_I5,,,,,,0.019597498496895082,0.0,0.0,2030-12-01_2031-01-01
state,train,D12_I405_N,D12_I405,,,,,,0.010125584962282871,0.0,0.0,2030-12-01_2031-01-01
state,train,D12_I405_S,D12_I405,,,,,,0.010152343526840482,0.0,0.0,2030-12-01_2031-01-01
